{
  "Ivzy": 20453.574529138838,
  "Uzqu": 84878.0,
  "Elcagta": 478851.2788684222,
  "Yrramh": 67773.2983546464,
  "Ernelr": 690904.3617033284,
  "Itqebri": 73557.13435181788,
  "Urjal": 20453.574529138838,
  "Otka": 84878.0,
  "Ofhexs": 478851.2788684222,
  "Eblegt": 67773.2983546464
}