{
  "1": {
    "a": 46,
    "b": 5969,
    "c": 279,
    "result": [
      "(-0.046758346754497485+0j)",
      "(-129.7141112184629+0j)"
    ]
  },
  "2": {
    "a": 3,
    "b": 99237,
    "c": 99116,
    "result": [
      "(-0.9988108555213936+0j)",
      "(-33078.00118914448+0j)"
    ]
  },
  "3": {
    "a": 77,
    "b": 3,
    "c": 15,
    "result": "нет действительных корней"
  },
  "4": {
    "a": 4583,
    "b": 9766,
    "c": 2,
    "result": [
      "(-0.00020481182133352043+0j)",
      "(-2.1307138004413764+0j)"
    ]
  },
  "5": {
    "a": 4,
    "b": 918,
    "c": 2762,
    "result": [
      "(-3.0492278451039567+0j)",
      "(-226.45077215489604+0j)"
    ]
  },
  "6": {
    "a": 446,
    "b": 34769,
    "c": 89225,
    "result": [
      "(-2.6567645133606304+0j)",
      "(-75.30063458977838+0j)"
    ]
  },
  "7": {
    "a": 8586,
    "b": 513,
    "c": 6,
    "result": [
      "(-0.015958157183069442+0j)",
      "(-0.04379027048988653+0j)"
    ]
  },
  "8": {
    "a": 123,
    "b": 5,
    "c": 475,
    "result": "нет действительных корней"
  },
  "9": {
    "a": 54781,
    "b": 73,
    "c": 8,
    "result": "нет действительных корней"
  },
  "10": {
    "a": 7819,
    "b": 4667,
    "c": 873,
    "result": "нет действительных корней"
  },
  "11": {
    "a": 3193,
    "b": 4,
    "c": 6341,
    "result": "нет действительных корней"
  },
  "12": {
    "a": 6836,
    "b": 484,
    "c": 523,
    "result": "нет действительных корней"
  },
  "13": {
    "a": 98276,
    "b": 278,
    "c": 7876,
    "result": "нет действительных корней"
  },
  "14": {
    "a": 682,
    "b": 5322,
    "c": 5,
    "result": [
      "(-0.0009396095668366357+0j)",
      "(-7.802579452016741+0j)"
    ]
  },
  "15": {
    "a": 6823,
    "b": 86544,
    "c": 95796,
    "result": [
      "(-1.2252630025061568+0j)",
      "(-11.458893526879743+0j)"
    ]
  },
  "16": {
    "a": 5,
    "b": 8,
    "c": 4,
    "result": "нет действительных корней"
  },
  "17": {
    "a": 2699,
    "b": 26571,
    "c": 516,
    "result": [
      "(-0.019458126976249848+0j)",
      "(-9.825299190548758+0j)"
    ]
  },
  "18": {
    "a": 57,
    "b": 8,
    "c": 9,
    "result": "нет действительных корней"
  },
  "19": {
    "a": 78,
    "b": 33,
    "c": 9613,
    "result": "нет действительных корней"
  },
  "20": {
    "a": 731,
    "b": 9396,
    "c": 63,
    "result": [
      "(-0.006708482091110339+0j)",
      "(-12.846916688907523+0j)"
    ]
  },
  "21": {
    "a": 26239,
    "b": 4316,
    "c": 1,
    "result": [
      "(-0.00023202330205057402+0j)",
      "(-0.16425595261166565+0j)"
    ]
  },
  "22": {
    "a": 4,
    "b": 91,
    "c": 5587,
    "result": "нет действительных корней"
  },
  "23": {
    "a": 64398,
    "b": 265,
    "c": 773,
    "result": "нет действительных корней"
  },
  "24": {
    "a": 75,
    "b": 27931,
    "c": 4,
    "result": [
      "(-0.00014321010841134314+0j)",
      "(-372.4131901232249+0j)"
    ]
  },
  "25": {
    "a": 9,
    "b": 36,
    "c": 4,
    "result": [
      "(-0.11438191683587344+0j)",
      "(-3.8856180831641263+0j)"
    ]
  },
  "26": {
    "a": 577,
    "b": 92968,
    "c": 7,
    "result": [
      "(-7.52947602469064e-05+0j)",
      "(-161.1229749652051+0j)"
    ]
  },
  "27": {
    "a": 5711,
    "b": 3,
    "c": 8864,
    "result": "нет действительных корней"
  },
  "28": {
    "a": 46,
    "b": 8982,
    "c": 92237,
    "result": [
      "(-10.874745505604126+0j)",
      "(-184.38612405961328+0j)"
    ]
  },
  "29": {
    "a": 343,
    "b": 284,
    "c": 3294,
    "result": "нет действительных корней"
  },
  "30": {
    "a": 26111,
    "b": 262,
    "c": 9561,
    "result": "нет действительных корней"
  },
  "31": {
    "a": 988,
    "b": 37838,
    "c": 1487,
    "result": [
      "(-0.039339527121239504+0j)",
      "(-38.25823132308119+0j)"
    ]
  },
  "32": {
    "a": 9221,
    "b": 12,
    "c": 39,
    "result": "нет действительных корней"
  },
  "33": {
    "a": 77,
    "b": 798,
    "c": 86527,
    "result": "нет действительных корней"
  },
  "34": {
    "a": 39139,
    "b": 3,
    "c": 99,
    "result": "нет действительных корней"
  },
  "35": {
    "a": 249,
    "b": 13,
    "c": 7,
    "result": "нет действительных корней"
  },
  "36": {
    "a": 1616,
    "b": 178,
    "c": 13,
    "result": "нет действительных корней"
  },
  "37": {
    "a": 86556,
    "b": 113,
    "c": 2822,
    "result": "нет действительных корней"
  },
  "38": {
    "a": 4865,
    "b": 82,
    "c": 8779,
    "result": "нет действительных корней"
  },
  "39": {
    "a": 9381,
    "b": 471,
    "c": 6119,
    "result": "нет действительных корней"
  },
  "40": {
    "a": 936,
    "b": 55,
    "c": 9164,
    "result": "нет действительных корней"
  },
  "41": {
    "a": 86,
    "b": 6552,
    "c": 29,
    "result": [
      "(-0.004426386597869655+0j)",
      "(-76.18162012503004+0j)"
    ]
  },
  "42": {
    "a": 93641,
    "b": 82,
    "c": 2,
    "result": "нет действительных корней"
  },
  "43": {
    "a": 331,
    "b": 24,
    "c": 67,
    "result": "нет действительных корней"
  },
  "44": {
    "a": 699,
    "b": 45,
    "c": 41,
    "result": "нет действительных корней"
  },
  "45": {
    "a": 11526,
    "b": 3,
    "c": 8434,
    "result": "нет действительных корней"
  },
  "46": {
    "a": 12,
    "b": 2,
    "c": 8255,
    "result": "нет действительных корней"
  },
  "47": {
    "a": 91,
    "b": 79881,
    "c": 724,
    "result": [
      "(-0.009063575512350276+0j)",
      "(-877.8041232376744+0j)"
    ]
  },
  "48": {
    "a": 824,
    "b": 1,
    "c": 8164,
    "result": "нет действительных корней"
  },
  "49": {
    "a": 85998,
    "b": 91379,
    "c": 48654,
    "result": "нет действительных корней"
  },
  "50": {
    "a": 6,
    "b": 84373,
    "c": 35,
    "result": [
      "(-0.0004148246601592594+0j)",
      "(-14062.166251842005+0j)"
    ]
  },
  "51": {
    "a": 4,
    "b": 147,
    "c": 173,
    "result": [
      "(-1.217184725321232+0j)",
      "(-35.53281527467877+0j)"
    ]
  },
  "52": {
    "a": 64,
    "b": 7,
    "c": 45131,
    "result": "нет действительных корней"
  },
  "53": {
    "a": 77,
    "b": 7598,
    "c": 48,
    "result": [
      "(-0.006317856472608806+0j)",
      "(-98.66900681885205+0j)"
    ]
  },
  "54": {
    "a": 1,
    "b": 95792,
    "c": 14167,
    "result": [
      "(-0.14789358059351798+0j)",
      "(-95791.8521064194+0j)"
    ]
  },
  "55": {
    "a": 37979,
    "b": 64283,
    "c": 8,
    "result": [
      "(-0.0001244588506279928+0j)",
      "(-1.692468816380421+0j)"
    ]
  },
  "56": {
    "a": 4233,
    "b": 893,
    "c": 26572,
    "result": "нет действительных корней"
  },
  "57": {
    "a": 2,
    "b": 31,
    "c": 243,
    "result": "нет действительных корней"
  },
  "58": {
    "a": 61657,
    "b": 151,
    "c": 1,
    "result": "нет действительных корней"
  },
  "59": {
    "a": 112,
    "b": 177,
    "c": 7,
    "result": [
      "(-0.040590568092806985+0j)",
      "(-1.5397665747643359+0j)"
    ]
  },
  "60": {
    "a": 41651,
    "b": 74326,
    "c": 9354,
    "result": [
      "(-0.13625467269464497+0j)",
      "(-1.6482402974141162+0j)"
    ]
  },
  "61": {
    "a": 232,
    "b": 55,
    "c": 78,
    "result": "нет действительных корней"
  },
  "62": {
    "a": 42,
    "b": 49,
    "c": 776,
    "result": "нет действительных корней"
  },
  "63": {
    "a": 587,
    "b": 15721,
    "c": 1384,
    "result": [
      "(-0.0883264113447228+0j)",
      "(-26.693615667019845+0j)"
    ]
  },
  "64": {
    "a": 96958,
    "b": 49,
    "c": 14933,
    "result": "нет действительных корней"
  },
  "65": {
    "a": 1,
    "b": 83,
    "c": 12838,
    "result": "нет действительных корней"
  },
  "66": {
    "a": 838,
    "b": 25589,
    "c": 34,
    "result": [
      "(-0.001328753744244941+0j)",
      "(-30.534470768928784+0j)"
    ]
  },
  "67": {
    "a": 318,
    "b": 681,
    "c": 71458,
    "result": "нет действительных корней"
  },
  "68": {
    "a": 3349,
    "b": 4248,
    "c": 6,