{
  "1": {
    "a": 1,
    "b": 648,
    "c": 74147,
    "result": [
      "(-148.41811027329726+0j)",
      "(-499.58188972670274+0j)"
    ]
  },
  "2": {
    "a": 5442,
    "b": 69328,
    "c": 83,
    "result": [
      "(-0.001197320008022941+0j)",
      "(-12.738236711598002+0j)"
    ]
  },
  "3": {
    "a": 69594,
    "b": 6533,
    "c": 2931,
    "result": "нет действительных корней"
  },
  "4": {
    "a": 4,
    "b": 232,
    "c": 55,
    "result": [
      "(-0.23804596346068863+0j)",
      "(-57.76195403653931+0j)"
    ]
  },
  "5": {
    "a": 893,
    "b": 56692,
    "c": 52,
    "result": [
      "(-0.0009172502526585043+0j)",
      "(-63.48396516856033+0j)"
    ]
  },
  "6": {
    "a": 455,
    "b": 17,
    "c": 2,
    "result": "нет действительных корней"
  },
  "7": {
    "a": 974,
    "b": 69128,
    "c": 959,
    "result": [
      "(-0.013875528360432893+0j)",
      "(-70.95943042646503+0j)"
    ]
  },
  "8": {
    "a": 6,
    "b": 9,
    "c": 6,
    "result": "нет действительных корней"
  },
  "9": {
    "a": 3752,
    "b": 4639,
    "c": 73,
    "result": [
      "(-0.01594169529170034+0j)",
      "(-1.2204655541752505+0j)"
    ]
  },
  "10": {
    "a": 73439,
    "b": 51539,
    "c": 66721,
    "result": "нет действительных корней"
  },
  "11": {
    "a": 51,
    "b": 941,
    "c": 315,
    "result": [
      "(-0.3410544362958233+0j)",
      "(-18.109925955861037+0j)"
    ]
  },
  "12": {
    "a": 911,
    "b": 289,
    "c": 18,
    "result": [
      "(-0.08512666529614996+0j)",
      "(-0.23210714370494775+0j)"
    ]
  },
  "13": {
    "a": 87,
    "b": 693,
    "c": 6159,
    "result": "нет действительных корней"
  },
  "14": {
    "a": 369,
    "b": 51,
    "c": 59899,
    "result": "нет действительных корней"
  },
  "15": {
    "a": 639,
    "b": 5564,
    "c": 521,
    "result": [
      "(-0.0946668949714707+0j)",
      "(-8.61268834759504+0j)"
    ]
  },
  "16": {
    "a": 4337,
    "b": 18,
    "c": 113,
    "result": "нет действительных корней"
  },
  "17": {
    "a": 5,
    "b": 1,
    "c": 34,
    "result": "нет действительных корней"
  },
  "18": {
    "a": 1,
    "b": 7474,
    "c": 1,
    "result": [
      "(-0.00013379716574490885+0j)",
      "(-7473.999866202834+0j)"
    ]
  },
  "19": {
    "a": 2,
    "b": 34997,
    "c": 39646,
    "result": [
      "(-1.132913306430055+0j)",
      "(-17497.36708669357+0j)"
    ]
  },
  "20": {
    "a": 1,
    "b": 4,
    "c": 8,
    "result": "нет действительных корней"
  },
  "21": {
    "a": 221,
    "b": 73157,
    "c": 339,
    "result": [
      "(-0.0046339344917214476+0j)",
      "(-331.02251538677524+0j)"
    ]
  },
  "22": {
    "a": 355,
    "b": 6913,
    "c": 1427,
    "result": [
      "(-0.20865848680176652+0j)",
      "(-19.26458094981795+0j)"
    ]
  },
  "23": {
    "a": 8853,
    "b": 2,
    "c": 752,
    "result": "нет действительных корней"
  },
  "24": {
    "a": 1,
    "b": 3,
    "c": 682,
    "result": "нет действительных корней"
  },
  "25": {
    "a": 5,
    "b": 559,
    "c": 83,
    "result": [
      "(-0.14867714573940702+0j)",
      "(-111.6513228542606+0j)"
    ]
  },
  "26": {
    "a": 172,
    "b": 46683,
    "c": 97,
    "result": [
      "(-0.002077860090625912+0j)",
      "(-271.4107128375838+0j)"
    ]
  },
  "27": {
    "a": 14,
    "b": 279,
    "c": 57618,
    "result": "нет действительных корней"
  },
  "28": {
    "a": 78761,
    "b": 432,
    "c": 39435,
    "result": "нет действительных корней"
  },
  "29": {
    "a": 74,
    "b": 92419,
    "c": 41653,
    "result": [
      "(-0.4508601298368523+0j)",
      "(-1248.4545452755685+0j)"
    ]
  },
  "30": {
    "a": 77,
    "b": 92,
    "c": 58,
    "result": "нет действительных корней"
  },
  "31": {
    "a": 78359,
    "b": 48,
    "c": 9268,
    "result": "нет действительных корней"
  },
  "32": {
    "a": 839,
    "b": 82876,
    "c": 4,
    "result": [
      "(-4.826490123304166e-05+0j)",
      "(-98.7794511391512+0j)"
    ]
  },
  "33": {
    "a": 99,
    "b": 688,
    "c": 97,
    "result": [
      "(-0.14397098367726588+0j)",
      "(-6.805523965817684+0j)"
    ]
  },
  "34": {
    "a": 8,
    "b": 4,
    "c": 46,
    "result": "нет действительных корней"
  },
  "35": {
    "a": 64,
    "b": 32,
    "c": 224,
    "result": "нет действительных корней"
  },
  "36": {
    "a": 6322,
    "b": 74526,
    "c": 6,
    "result": [
      "(-8.050936555932726e-05+0j)",
      "(-11.788277605155162+0j)"
    ]
  },
  "37": {
    "a": 66,
    "b": 15191,
    "c": 69,
    "result": [
      "(-0.004542252762555357+0j)",
      "(-230.1621244139041+0j)"
    ]
  },
  "38": {
    "a": 1,
    "b": 76499,
    "c": 4,
    "result": [
      "(-5.2288261940702796e-05+0j)",
      "(-76498.99994771174+0j)"
    ]
  },
  "39": {
    "a": 9971,
    "b": 731,
    "c": 97,
    "result": "нет действительных корней"
  },
  "40": {
    "a": 5428,
    "b": 73635,
    "c": 57,
    "result": [
      "(-0.0007741325850301235+0j)",
      "(-13.564995948476133+0j)"
    ]
  },
  "41": {
    "a": 317,
    "b": 865,
    "c": 557,
    "result": [
      "(-1.0413019711918305+0j)",
      "(-1.6874046534138478+0j)"
    ]
  },
  "42": {
    "a": 6,
    "b": 63,
    "c": 3883,
    "result": "нет действительных корней"
  },
  "43": {
    "a": 974,
    "b": 2,
    "c": 53,
    "result": "нет действительных корней"
  },
  "44": {
    "a": 89,
    "b": 31611,
    "c": 7657,
    "result": [
      "(-0.24239122653812098+0j)",
      "(-354.9373840543608+0j)"
    ]
  },
  "45": {
    "a": 784,
    "b": 546,
    "c": 58,
    "result": [
      "(-0.13078936318060858+0j)",
      "(-0.5656392082479629+0j)"
    ]
  },
  "46": {
    "a": 767,
    "b": 1314,
    "c": 7,
    "result": [
      "(-0.005343914415618582+0j)",
      "(-1.7078242733288405+0j)"
    ]
  },
  "47": {
    "a": 26,
    "b": 57,
    "c": 8,
    "result": [
      "(-0.15071164974754964+0j)",
      "(-2.0415960425601427+0j)"
    ]
  },
  "48": {
    "a": 8,
    "b": 2,
    "c": 4,
    "result": "нет действительных корней"
  },
  "49": {
    "a": 65,
    "b": 82,
    "c": 9,
    "result": [
      "(-0.12144783516163543+0j)",
      "(-1.140090626376826+0j)"
    ]
  },
  "50": {
    "a": 177,
    "b": 9,
    "c": 7291,
    "result": "нет действительных корней"
  },
  "51": {
    "a": 7,
    "b": 165,
    "c": 9,
    "result": [
      "(-0.054672262996291465+0j)",
      "(-23.51675630843228+0j)"
    ]
  },
  "52": {
    "a": 1,
    "b": 595,
    "c": 55535,
    "result": [
      "(-115.92012776742021+0j)",
      "(-479.07987223257976+0j)"
    ]
  },
  "53": {
    "a": 3,
    "b": 71427,
    "c": 629,
    "result": [
      "(-0.008806196994555648+0j)",
      "(-23808.99119380301+0j)"
    ]
  },
  "54": {
    "a": 4,
    "b": 63926,
    "c": 2689,
    "result": [
      "(-0.042064372519234894+0j)",
      "(-15981.45793562748+0j)"
    ]
  },
  "55": {
    "a": 4,
    "b": 95,
    "c": 469,
    "result": [
      "(-7+0j)",
      "(-16.75+0j)"
    ]
  },
  "56": {
    "a": 992,
    "b": 543,
    "c": 245,
    "result": "нет действительных корней"
  },
  "57": {
    "a": 94685,
    "b": 79822,
    "c": 7,
    "result": [
      "(-8.770424595110708e-05+0j)",
      "(-0.8429391743515036+0j)"
    ]
  },
  "58": {
    "a": 1,
    "b": 9,
    "c": 67299,
    "result": "нет действительных корней"
  },
  "59": {
    "a": 429,
    "b": 1,
    "c": 5,
    "result": "нет действительных корней"
  },
  "60": {
    "a": 66961,
    "b": 961,
    "c": 46273,
    "result": "нет действительных корней"
  },
  "61": {
    "a": 33682,
    "b": 3195,
    "c": 4,
    "result": [
      "(-0.0012689309150682854+0j)",
      "(-0.09358885662723918+0j)"
    ]
  },
  "62": {
    "a": 5,
    "b": 3,
    "c": 5,
    "result": "нет действительных корней"
  },
  "63": {
    "a": 85165,
    "b": 555,
    "c": 791,
    "result": "нет действительных корней"
  },
  "64": {
    "a": 8943,
    "b": 9687,
    "c": 721,
    "result": [
      "(-0.08039687027032802+0j)",
      "(-1.0027966889379913+0j)"
    ]
  },